{"I": 5, "J": [77, 102, 98, 106, 77], "Jmax": 106, "K": 3, "sigma": [1.0, 1.0, 1.0], "alpha": [1.0, 1.0, 1.0], "mu0": [0.0, 0.0, 0.0], "beta0": [1.0, 1.0, 1.0], "Y": [[-1.831484274588365, -3.7574156761113793, 1.2613566190005117, 1.3527804227191806, -2.5677681647494324, -1.803383304830193, 0.7273467616037554, 0.6229338188400662, -2.1640789208394158, -1.8880499562528203, -0.48745926415086527, 0.027511103621398303, -0.37435559116915856, 1.0694796573615093, 0.46252955651852645, -1.261493194746735, -0.826839036111483, -1.1760081917107164, 1.0576916605155844, 0.38421505222632024, 0.7785998160736577, -2.2835225036131095, 0.14528353000618985, 1.3704546239043833, 0.09008096025167633, 0.81421356650099, 0.17855915870172748, -0.48762417411550996, 1.4731212403226646, -0.5653536385315118, -0.7208908713245594, -0.9371754146447031, -1.5613355076813553, -0.9118880298518874, 0.04193541058662509, -1.0731833153891261, 0.8361608078213472, 1.4949557795513506, 0.6145067275016003, 1.4870536301929207, -2.7954311796740536, 0.9899729566932451, 0.9433853725958343, 1.0040086467645208, -0.46050771901989607, 0.11877405354293469, 1.2565514007977328, 1.601942189202156, 0.39925348558517515, 0.15343936127849525, 0.6750873291698376, 1.6123748365941035, 0.21487333920227306, 1.076620377859569, 0.6573207221360574, -0.08486948016269569, 0.1336359891580291, 2.2819495702861556, -1.069981243901634, -0.7279200501454279, -1.2354002811937206, -2.676686446156355, -0.9280519655515015, 0.6494366192396449, 1.1432418703014224, -0.3358368987138041, -1.9034185189355357, 1.2161819210572122, -0.43712325537217117, -1.0156301143837159, -0.017689482317908234, -1.305896744858488, 0.061739293206755586, -1.456804397740758, 0.5463046387530605, -0.8091005793335582, -2.838269435927557, NaN, NaN, NaN, NaN, NaN, NaN, NaN, NaN, NaN, NaN, NaN, NaN, NaN, NaN, NaN, NaN, NaN, NaN, NaN, NaN, NaN, NaN, NaN, NaN, NaN, NaN, NaN, NaN, NaN], [-0.37773902459142505, -0.21709674420868597, 1.004517764768176, -0.8937217586244216, -1.8537807796065513, 0.031200610713559174, 0.6945766567711498, -0.8490057522003747, -0.6712109343840954, -0.518719854572116, 0.10556822616544859, -1.0041829068142607, -0.2816344182300843, -0.990758049664335, -0.7517311226630657, -1.2298584841056301, 0.9563871744720518, 2.9219391061598743, -0.8226035362544252, 0.15022802316400463, -0.1704112701328393, -1.0140605563669565, -2.0621119535800037, 1.6435585586524177, 3.0848186494583345, -0.995474250824879, 0.7279292722197354, 0.2537774600786863, -0.6538357236225537, -0.6137812987471813, 0.28776341246331116, 0.21820508779817105, -0.014408748671044913, -1.0975174898088065, 3.502371518561502, 1.4259545662265136, 2.3651058487581906, 2.1356771482207653, -0.029727254737636044, -3.001487301691519, -0.6460234208992057, 2.146102371138114, 0.5776202589437838, 1.0621866321422408, -2.209447606922467, 1.8742028014857182, 1.8403047121604161, 0.7454219302588041, 1.8931483723629556, -2.0668270589883257, -0.8045960148869492, -0.5105662528589806, 1.0420118427555778, 1.8991230231771539, 1.1752395632892008, 3.2143696941901205, -1.1322358144869764, -0.6003785902268847, -1.3067250010514146, 0.8318302877717182, -0.36631179182352436, -0.596072681792593, 0.12131416493533864, -0.9402481609057555, -0.20220775182463024, 0.05936501756867385, 1.0272674621961504, 0.25772188657821926, 2.044460065644166, 1.5752454702991998, 1.0166350023934616, 0.3485105767130375, -1.54409391101579, 0.9066395380726584, -1.128158786202862, -1.171500449112925, 0.5364195068040618, 0.18132062081430012, -0.4445146576139841, 0.9412871890558886, -0.4111942385493852, -0.1277743761269896, 1.9978172339603866, 0.6722011874377753, 2.6789673073550833, -1.7232644698071122, 3.1366913222769193, -0.2467500201128784, 2.360000278014259, 0.09188173261686905, 2.6837221797773076, -0.529667413001369, 2.3786323497766277, 1.6337931350795496, -2.144105508775256, 0.3515812046860036, -0.6448891966880463, 4.032850923615278, -0.10244088827688513, 0.7583971544064712, -1.7093192664377872, -0.273196128775708, NaN, NaN, NaN, NaN], [2.652615313148902, 2.170634495120701, 0.11496474997413764, 1.050705070845303, 0.40205246540908357, 0.5516042360367837, -0.3979647643772728, -0.6167578747488052, 0.9427472027072159, 0.18573046151657713, -0.09803728160452485, 0.456883448792227, -0.4495420804898531, 0.7443924815749927, 2.5893601629540206, 0.4659887683623777, 1.0210072468212827, -1.1985337524414272, -0.9922412594378633, 2.2847972679626993, 0.7283786597170948, 0.6731046160943293, 0.25958875890732913, -0.3140364952910046, -0.7109007466822539, 0.2863172538508917, 0.1652811732043724, 1.667932146562169, 1.6400687277629173, 1.034584322700552, 1.1966348940350278, 0.3331428137029583, 1.4204864499756538, 0.5780287905112189, 0.40298876469408473, -1.2073597153030742, 0.9710293420050892, 1.5447381338050246, -1.7803887777429646, 2.8891259550413957, 0.4891144693033649, -0.1117660127965523, 0.352652201335265, 0.23682800248310354, 1.6009074317359315, 0.6642943289170374, -0.5735577938648782, -1.1999412898208834, -0.7949566979533741, 2.651112828801561, -0.7468880272532599, 0.03533400391623531, 1.599956256440917, -0.09628959802070625, -0.1282436577084285, -1.1746055199040566, 1.0007666012464216, 0.677415113178187, 1.5294274429162464, 0.39402372482381265, 0.36663980058817935, 1.7131738923225226, 1.4182242908846652, -1.3250893966137829, 1.2479711470439203, 2.9692339255160998, 0.18373495150624042, 0.0940016725818974, -1.2531192034263463, -0.27964677151494205, -1.4804701891986645, -0.6813031988665648, 0.736564666294211, -1.124302219218952, 1.294185846147122, 0.9140163839373863, 0.4259832544976187, 3.1336419612387925, 0.24264547736332637, 1.4603801026451046, -0.9675148615484349, 0.7671456460411065, 1.1481152607642595, -0.5993619273269224, -2.477332728788842, -0.32214584307986216, 2.020316787299747, 0.3491264137358966, -1.760891834056748, -0.8853739071081466, 0.137829635238379, 1.715489874082659, 0.1566742496411594, -0.3869100469150229, -0.02971137253944489, 0.6486637485734431, 0.15383374684219997, -1.3902746814486173, NaN, NaN, NaN, NaN, NaN, NaN, NaN, NaN], [1.3041927033252347, 2.8461486403852314, -2.432736624980513, 0.4650970252801083, 1.4247744667913935, -2.212024206069387, 2.4223622941443823, -0.6829680549887769, 2.8823737444485507, 3.5816065867030695, 2.4712382648411215, 3.4806098251738495, 2.09313097394984, 2.1731157040213467, -1.7877664084375993, 1.6215755608890907, 2.9924841771218427, -2.3054881154839095, 2.457361613733952, -0.47954895670807307, -1.275287799114658, 1.573442310562308, 2.997898131012364, 2.673691934995971, 1.8358665597383537, 2.275408543197507, 3.4414689802861194, 2.9161562018875866, 2.1387601796949856, 3.6980390997481147, 3.346947996404194, 2.3537085730888507, 0.8651152237268451, 3.0816890588831827, 1.6751287027480886, 2.997231616154689, 4.055061704508797, 2.8611915977647695, 4.076322920668408, 0.8312983101495319, 2.6112633927183215, 2.7503089341790132, 2.13512282404868, 2.411597690686782, -2.916408434570096, -1.7497033115066183, 2.21604890785564, 2.873750529764934, 1.969681842459119, 2.8980056317061136, 3.837178584571098, 1.841506847824563, 2.3535468794357857, -2.9068311744390956, -0.7762727513484234, 2.112637234915909, 1.6645265281150818, 3.4768299201851347, 2.678147916563504, 4.006058551495801, -0.23853699892415925, 1.7478416503667185, 3.315366519554056, -1.7735086866108671, 1.9171218107649755, 0.890144209113219, 1.7829513177131386, 0.6388719747208123, 1.747603182546742, 2.863003848885629, -0.3676730844335202, -1.8874834209491567, 2.3519862288579545, 3.1422235780870125, 0.12854371031559708, -1.2022325016611883, -3.02805305248437, 1.408694371569851, -2.011737324607555, 2.2266218276212375, 3.7322034797390833, 1.5926354787153372, -0.20998067832998657, -2.166096670461192, -1.3034847425205105, 3.1152206957828232, -0.65455449848937, 3.4926540586019392, -2.132211725194482, 0.6863630956587174, 1.954391771202264, 3.2753020412012543, 3.103784382780603, 3.6692017757923683, 0.6947534897613221, 0.31187216114820604, 2.091146182148127, 1.6673516840970761, 